{"cameraMode":{"drawMode":0,"name":"Shaded","section":"Shading Mode"},"sceneLighting":true,"audioPlay":false,"sceneViewState":{"showFog":true,"showMaterialUpdate":false,"showSkybox":true,"showFlares":true,"showImageEffects":true,"showParticleSystems":true},"in2DMode":false,"pivot":{"x":-255.55538940429688,"y":302.501220703125,"z":298.70111083984377},"rotation":{"x":-0.07757768779993057,"y":0.09347493201494217,"z":-0.007306024897843599,"w":-0.9925678372383118},"size":39.55656051635742,"orthographic":true}