{"cameraMode":{"drawMode":0,"name":"Shaded","section":"Shading Mode"},"sceneLighting":true,"audioPlay":false,"sceneViewState":{"showFog":true,"showMaterialUpdate":false,"showSkybox":true,"showFlares":true,"showImageEffects":true,"showParticleSystems":true},"in2DMode":false,"pivot":{"x":-255.55538940429688,"y":302.501220703125,"z":298.70111083984377},"rotation":{"x":-0.06169279292225838,"y":0.04998056963086128,"z":-0.0030932025983929636,"w":-0.9968382120132446},"size":-28.426828384399415,"orthographic":false}